id,name,phone,email
1,Mariya Setchell,581-802-9898,msetchell0@pbs.org
2,Pryce Songhurst,790-779-1135,psonghurst1@i2i.jp
3,Cordell Goscar,399-182-0127,cgoscar2@house.gov
4,Gallard Muddiman,283-587-6383,gmuddiman3@shutterfly.com
5,Alyce Knightsbridge,395-910-6380,aknightsbridge4@cornell.edu
6,Rogers Lilford,469-660-1377,rlilford5@hhs.gov
7,Kelsy McMeekin,353-682-8735,kmcmeekin6@drupal.org
8,Kiersten Sproston,684-285-1689,ksproston7@theatlantic.com
9,Stephani Hamlett,473-646-0538,shamlett8@odnoklassniki.ru
10,Ede McMeekin,484-860-9706,emcmeekin9@hud.gov
11,Malva Ciccone,348-938-2413,mcicconea@illinois.edu
12,Rozalin Ginner,782-659-4842,rginnerb@blogspot.com
13,Frances Liven,941-731-1378,flivenc@lycos.com
14,Janie McVee,479-846-0320,jmcveed@flavors.me
15,Robert Kraft,857-439-9731,rkrafte@altervista.org
16,Aubrey Cluett,798-946-7835,acluettf@salon.com
17,Steven Macon,350-393-2209,smacong@jugem.jp
18,Madelin Kellett,166-111-5918,mkelletth@unc.edu
19,Royal Gherarducci,719-574-5227,rgherarduccii@soundcloud.com
20,Cary Dowsey,209-713-7529,cdowseyj@japanpost.jp
21,Simeon Tremoille,481-614-8269,stremoillek@feedburner.com
22,Paulina Buckwell,977-872-7645,pbuckwelll@cbsnews.com
23,Jacquelyn Oliver-Paull,744-215-4530,joliverpaullm@infoseek.co.jp
24,Stan Rosenblum,378-588-5731,srosenblumn@ycombinator.com
25,Carrie Elvidge,134-378-8571,celvidgeo@google.ca
26,Gilberto Dangl,395-830-0034,gdanglp@youtube.com
27,Jessika Kielt,111-539-4508,jkieltq@parallels.com
28,Ofilia Christian,602-149-9665,ochristianr@sfgate.com
29,Kory Kerin,635-177-5257,kkerins@xing.com
30,Belvia Wenger,761-651-6327,bwengert@last.fm
31,Alfie Novill,478-121-1141,anovillu@behance.net
32,Dalton Dack,873-791-6747,ddackv@tiny.cc
33,Johannah Grasser,727-937-3181,jgrasserw@pcworld.com
34,Cassy Maxstead,335-878-8305,cmaxsteadx@bravesites.com
35,Franklyn Caughte,213-808-1684,fcaughtey@ed.gov
36,Jodi Lutton,843-710-9426,jluttonz@examiner.com
37,Lisette Pimm,516-531-1377,lpimm10@reverbnation.com
38,Britte Poytress,287-327-7019,bpoytress11@goo.gl
39,Tadio Dimmack,859-884-7354,tdimmack12@stumbleupon.com
40,Vassily Gavriel,235-224-3547,vgavriel13@mozilla.org
41,Saba Chettle,771-280-8158,schettle14@salon.com
42,Fin Emms,345-997-6954,femms15@booking.com
43,Garret Guppey,152-821-1929,gguppey16@nationalgeographic.com
44,Brnaby Melley,721-592-0907,bmelley17@shinystat.com
45,Aprilette Dugmore,813-285-6855,adugmore18@friendfeed.com
46,Jonie Gudger,419-785-4550,jgudger19@yolasite.com
47,Shalom Smaling,302-354-5118,ssmaling1a@flavors.me
48,Eddy Shurey,177-884-8805,eshurey1b@printfriendly.com
49,Aldon Eyre,308-683-6298,aeyre1c@scribd.com
50,Leigha Beese,115-748-6146,lbeese1d@hud.gov
51,Bunni Bracco,881-300-1712,bbracco1e@army.mil
52,Amalie Scyone,489-114-6393,ascyone1f@opensource.org
53,Emmy Ayree,181-682-6799,eayree1g@epa.gov
54,Janeta Vibert,994-529-4083,jvibert1h@wikispaces.com
55,Reina Hargroves,561-790-7688,rhargroves1i@ihg.com
56,Loydie Espinet,900-859-6601,lespinet1j@merriam-webster.com
57,Morgen Bage,141-812-3247,mbage1k@timesonline.co.uk
58,Sile Menhci,294-680-7638,smenhci1l@usgs.gov
59,Arly Ramet,155-334-4536,aramet1m@boston.com
60,Joyce Balden,615-778-1537,jbalden1n@wikipedia.org
61,Juliane Ilchenko,794-242-5945,jilchenko1o@creativecommons.org
62,Katuscha Cripin,572-645-7734,kcripin1p@elegantthemes.com
63,Konstance Huffadine,959-101-9962,khuffadine1q@foxnews.com
64,Delmer Huddart,438-621-0571,dhuddart1r@edublogs.org
65,Eadie Petrosian,534-616-4643,epetrosian1s@geocities.com
66,Vernen Hayworth,524-917-5584,vhayworth1t@t-online.de
67,Gerry Charlewood,187-319-5568,gcharlewood1u@histats.com
68,Van Edison,116-975-1034,vedison1v@wired.com
69,Damiano Rameaux,557-952-9446,drameaux1w@imdb.com
70,Hewe Findlow,711-234-1859,hfindlow1x@soundcloud.com
71,Bordy Correa,884-397-7999,bcorrea1y@thetimes.co.uk
72,Meara Cordeiro,954-580-9834,mcordeiro1z@geocities.jp
73,Luci Galbreth,337-736-9675,lgalbreth20@tripadvisor.com
74,Crystie Sanz,395-140-7928,csanz21@examiner.com
75,Jacklyn Crocker,578-534-7121,jcrocker22@people.com.cn
76,Sephira Mindenhall,753-146-5232,smindenhall23@bandcamp.com
77,Tadeas Wilkerson,159-262-7053,twilkerson24@typepad.com
78,Jaquenetta Rickis,686-440-7027,jrickis25@cdc.gov
79,Gerti Jackett,645-256-2338,gjackett26@buzzfeed.com
80,Grantley McFaul,344-174-6141,gmcfaul27@dyndns.org
81,Roxanna Mellonby,763-390-1760,rmellonby28@nationalgeographic.com
82,Ingamar Bavister,984-216-6135,ibavister29@shutterfly.com
83,Early Filkin,165-770-0544,efilkin2a@cafepress.com
84,Salomone Rohfsen,490-299-9303,srohfsen2b@cnbc.com
85,Webster Enterle,741-387-1293,wenterle2c@state.tx.us
86,Blinnie Otson,140-942-2946,botson2d@hugedomains.com
87,Peterus Diegan,263-415-4363,pdiegan2e@lycos.com
88,Natka Moens,320-340-1404,nmoens2f@livejournal.com
89,Hephzibah Van der Brugge,135-584-1495,hvan2g@eventbrite.com
90,Traver O'Lennane,429-621-9812,tolennane2h@google.co.uk
91,Margi Aberchirder,976-792-9892,maberchirder2i@hatena.ne.jp
92,Tootsie Luffman,735-630-3897,tluffman2j@hhs.gov
93,Hertha Bog,423-530-5678,hbog2k@columbia.edu
94,Irwin Caen,627-202-4398,icaen2l@businessinsider.com
95,Allyn Gockelen,948-685-6971,agockelen2m@economist.com
96,Nissie Nacey,848-628-7292,nnacey2n@dyndns.org
97,Mureil Pearson,481-304-1604,mpearson2o@google.cn
98,Jasper Stanyland,432-879-6577,jstanyland2p@weather.com
99,Rickey Vala,931-274-1322,rvala2q@barnesandnoble.com
100,Lannie Seedull,319-718-7197,lseedull2r@multiply.com
101,Thorpe Cleere,129-954-8367,tcleere2s@1688.com
102,Stanford Truluck,579-497-0549,struluck2t@upenn.edu
103,Celestyna Reely,203-517-6059,creely2u@goodreads.com
104,Cheston Itzhaiek,981-203-6530,citzhaiek2v@netvibes.com
105,Elsie Neat,350-814-6020,eneat2w@fastcompany.com
106,Octavius Royse,828-503-2816,oroyse2x@wsj.com
107,Karil Rathbourne,268-147-8990,krathbourne2y@sina.com.cn
108,Ginelle Baumert,988-520-1631,gbaumert2z@army.mil
109,Alexa Cutteridge,549-355-9640,acutteridge30@feedburner.com
110,Federica Bodiam,999-105-5724,fbodiam31@gnu.org
111,Sonnnie Bleckly,765-428-1488,sbleckly32@g.co
112,Doralia Clendennen,166-719-9068,dclendennen33@cyberchimps.com
113,Marcelia Rochford,609-512-3744,mrochford34@tiny.cc
114,Kearney Sidlow,148-968-5900,ksidlow35@wordpress.org
115,Aldridge Michiel,432-688-8212,amichiel36@de.vu
116,Quentin Logg,323-537-0934,qlogg37@jalbum.net
117,Joana Haseley,593-245-1393,jhaseley38@jigsy.com
118,Forester Devereu,153-781-3209,fdevereu39@google.ru
119,Emmalee Fodden,493-693-5676,efodden3a@berkeley.edu
120,Jacquie Boydle,609-221-3249,jboydle3b@omniture.com
121,Spense Pinnock,253-281-4510,spinnock3c@fema.gov
122,Chip Manchett,223-123-0577,cmanchett3d@meetup.com
123,Bette Dorrington,370-784-4123,bdorrington3e@lycos.com
124,Cristin Rubens,808-782-0412,crubens3f@plala.or.jp
125,Kiah Cowderoy,545-753-0595,kcowderoy3g@deliciousdays.com
126,Broderick Sanpher,518-436-4258,bsanpher3h@ebay.com
127,Mariam Scogings,201-223-1887,mscogings3i@geocities.jp
128,Allina Brosio,316-918-7333,abrosio3j@imgur.com
129,Ned Verne,615-536-4778,nverne3k@imgur.com
130,Harrison McTerry,865-233-0574,hmcterry3l@phpbb.com
131,Monte Vernall,541-718-8772,mvernall3m@hud.gov
132,Melly Simants,323-234-8432,msimants3n@europa.eu
133,Eliot Mackerness,439-934-6195,emackerness3o@who.int
134,Alexina Harradine,170-156-9215,aharradine3p@de.vu
135,Renae Gostling,879-548-2585,rgostling3q@sun.com
136,Tawnya Witts,882-837-7616,twitts3r@patch.com
137,Becky Simmank,494-653-8336,bsimmank3s@house.gov
138,Sherilyn Boat,808-122-3274,sboat3t@hp.com
139,Harriott Kniveton,389-377-0891,hkniveton3u@cmu.edu
140,Adriaens Alsford,154-148-3343,aalsford3v@php.net
141,Costanza Lowde,563-595-5027,clowde3w@com.com
142,Laurena Pawelek,666-595-8975,lpawelek3x@narod.ru
143,Filippo Pracy,265-587-5591,fpracy3y@thetimes.co.uk
144,Alyse Willeman,395-675-4163,awilleman3z@uol.com.br
145,Trefor Menel,493-872-5621,tmenel40@salon.com
146,Finlay Brozek,271-531-9211,fbrozek41@cargocollective.com
147,Claudetta Mariet,361-532-0666,cmariet42@japanpost.jp
148,Jasen Adnett,984-610-3982,jadnett43@opera.com
149,Annadiane Coppard,847-118-9592,acoppard44@google.pl
150,Brynna Rodgers,419-606-1001,brodgers45@slashdot.org
151,Gabrila Warren,104-773-5422,gwarren46@webeden.co.uk
152,Alleen Lardier,713-672-6223,alardier47@youtu.be
153,Rickert Nolton,649-515-3755,rnolton48@chron.com
154,Sauncho Carradice,586-923-7939,scarradice49@omniture.com
155,Leonardo McGaffey,565-656-1144,lmcgaffey4a@squarespace.com
156,Lorraine Worsalls,944-485-6359,lworsalls4b@flavors.me
157,Gannie Bukac,590-614-0932,gbukac4c@weibo.com
158,Colleen Starrs,634-477-4090,cstarrs4d@google.co.jp
159,Ashby Jills,285-768-2059,ajills4e@wikipedia.org
160,Newton Maric,987-349-7347,nmaric4f@ehow.com
161,Geneva Wadeling,826-518-8105,gwadeling4g@163.com
162,Gnni Tapin,963-732-5586,gtapin4h@wired.com
163,Lauren Cubitt,733-563-6781,lcubitt4i@forbes.com
164,Cristabel Chivrall,147-521-2062,cchivrall4j@npr.org
165,Priscilla Franschini,378-662-4047,pfranschini4k@yale.edu
166,Kerry Bernhart,937-554-7482,kbernhart4l@topsy.com
167,Sid Bester,746-464-6710,sbester4m@last.fm
168,Marven Dilke,728-665-5128,mdilke4n@rediff.com
169,Mia Polack,447-326-8274,mpolack4o@sourceforge.net
170,Luciana Durnford,974-304-1612,ldurnford4p@samsung.com
171,Gizela Willacot,737-944-1597,gwillacot4q@ed.gov
172,Rosalyn Di Iorio,954-326-3175,rdi4r@twitpic.com
173,Jess Randell,117-184-7599,jrandell4s@list-manage.com
174,Kalle Shieldon,493-941-4885,kshieldon4t@gizmodo.com
175,Sissy Stove,939-307-4663,sstove4u@1und1.de
176,Westleigh Meads,644-341-5140,wmeads4v@cloudflare.com
177,Drud Carncross,635-591-2950,dcarncross4w@miitbeian.gov.cn
178,Corty Oliveti,901-139-0534,coliveti4x@toplist.cz
179,Bibbie Osmond,519-586-9129,bosmond4y@bandcamp.com
180,Debra Timbridge,731-450-6994,dtimbridge4z@ebay.co.uk
181,Ariana Kocher,940-602-3321,akocher50@yellowbook.com
182,Aldo McCaughren,712-300-5917,amccaughren51@nymag.com
183,Margaret Yanez,667-284-9926,myanez52@trellian.com
184,Heather McAloren,651-849-4750,hmcaloren53@networksolutions.com
185,Cleon Collyns,193-802-2271,ccollyns54@chronoengine.com
186,Smitty Dalling,223-962-5758,sdalling55@imdb.com
187,Leone Greenall,581-947-3687,lgreenall56@mlb.com
188,Hewie Timpany,546-951-4537,htimpany57@yale.edu
189,Rozelle Sivills,419-892-9666,rsivills58@wordpress.org
190,Loria Bebis,571-548-4617,lbebis59@opensource.org
191,Theresina Drowsfield,245-985-7771,tdrowsfield5a@amazon.co.uk
192,Heidie Amberg,841-772-2662,hamberg5b@adobe.com
193,Desiri Krahl,791-301-7586,dkrahl5c@spiegel.de
194,Dennet Pinchin,258-585-9299,dpinchin5d@cargocollective.com
195,Sidnee Gadie,265-773-2578,sgadie5e@devhub.com
196,Law Earl,915-412-1929,learl5f@edublogs.org
197,Rachelle Stormouth,337-532-4777,rstormouth5g@woothemes.com
198,Marsh Blatcher,828-355-9237,mblatcher5h@imageshack.us
199,Ermanno Carle,712-612-3939,ecarle5i@economist.com
200,Lolita Giottini,772-359-0740,lgiottini5j@opensource.org
201,Ganny Rice,237-136-6669,grice5k@amazon.co.jp
202,Fremont Snewin,481-677-0074,fsnewin5l@sciencedaily.com
203,Forbes Gent,298-362-0179,fgent5m@ibm.com
204,Orlando McAnulty,936-618-0159,omcanulty5n@nationalgeographic.com
205,Fianna Bovaird,784-834-1364,fbovaird5o@dropbox.com
206,Giustina Borles,242-940-1157,gborles5p@360.cn
207,Shoshanna Slimming,965-787-7913,sslimming5q@biglobe.ne.jp
208,Noni Lippitt,142-771-6056,nlippitt5r@umich.edu
209,Veronique Garwell,355-685-0885,vgarwell5s@dedecms.com
210,Genevra Pestridge,339-324-3559,gpestridge5t@ning.com
211,Kaye Gorthy,903-766-7285,kgorthy5u@about.me
212,Cyndie Carnalan,385-242-3205,ccarnalan5v@earthlink.net
213,Johnnie Azemar,883-196-8886,jazemar5w@wordpress.org
214,Maxie Wisson,551-375-6299,mwisson5x@php.net
215,Sybil Rolse,257-103-7859,srolse5y@bluehost.com
216,Thalia Bugdell,313-583-5406,tbugdell5z@zimbio.com
217,Sibbie Oates,225-565-6330,soates60@desdev.cn
218,Meriel Waplington,977-584-0127,mwaplington61@google.com.br
219,Karen Allderidge,489-165-4634,kallderidge62@huffingtonpost.com
220,Alix Gladwish,482-793-9200,agladwish63@macromedia.com
221,Ardys Cosser,134-238-5218,acosser64@vkontakte.ru
222,Cari Sheldon,432-924-0950,csheldon65@arizona.edu
223,Chrotoem Sentance,273-666-1010,csentance66@businessweek.com
224,Wallie Biaggiotti,507-937-2187,wbiaggiotti67@wsj.com
225,Stacy Grombridge,948-579-4344,sgrombridge68@ebay.co.uk
226,Joshia Dwane,189-767-4237,jdwane69@google.ru
227,Morse Squires,677-981-2444,msquires6a@washingtonpost.com
228,Ewell Gulberg,731-239-2030,egulberg6b@ask.com
229,Jehu Boate,671-271-3032,jboate6c@dot.gov
230,Oralle Vowdon,630-753-0227,ovowdon6d@oaic.gov.au
231,Ira Klossmann,614-205-8097,iklossmann6e@123-reg.co.uk
232,Ber Coate,649-720-5099,bcoate6f@github.com
233,Carlyle Such,994-396-3801,csuch6g@technorati.com
234,Tad Skelhorn,710-620-8994,tskelhorn6h@ehow.com
235,Menard Godleman,189-857-7739,mgodleman6i@hexun.com
236,Teddie Jacquemet,887-118-6471,tjacquemet6j@dell.com
237,Roderic Threadgall,429-655-1575,rthreadgall6k@timesonline.co.uk
238,Dorothee Gooddy,669-947-4799,dgooddy6l@archive.org
239,Jobyna Tryme,374-426-7387,jtryme6m@vistaprint.com
240,Janine Naismith,607-892-6500,jnaismith6n@mozilla.org
241,Margery Kunath,552-992-2188,mkunath6o@yolasite.com
242,Fraze Mohring,860-916-9019,fmohring6p@wordpress.com
243,Leilah Crosston,161-137-5622,lcrosston6q@usgs.gov
244,Cassaundra Watterson,153-239-4934,cwatterson6r@archive.org
245,Keene Marklund,497-163-2164,kmarklund6s@twitpic.com
246,Jedediah Cottis,469-450-7298,jcottis6t@scribd.com
247,Brigitte Longden,116-196-3474,blongden6u@pen.io
248,Frannie Jude,909-520-7624,fjude6v@geocities.jp
249,Cy Runcie,907-357-7991,cruncie6w@dailymotion.com
250,Manon Lamplugh,420-148-4927,mlamplugh6x@barnesandnoble.com
251,Lucius Heiden,663-653-0190,lheiden6y@nationalgeographic.com
252,Carolann Peddar,348-453-6763,cpeddar6z@wix.com
253,Camey Portinari,227-925-4621,cportinari70@slashdot.org
254,Patsy O'Cullinane,641-571-4379,pocullinane71@seattletimes.com
255,Cecilla Minor,986-372-9576,cminor72@irs.gov
256,Orsa Gauford,503-277-2867,ogauford73@edublogs.org
257,Blair Cakes,177-570-9031,bcakes74@jimdo.com
258,Jamima Asals,421-804-7877,jasals75@ustream.tv
259,Garry Cowley,174-508-1951,gcowley76@friendfeed.com
260,Romain Omand,684-353-0083,romand77@ebay.co.uk
261,Adelaide Burry,461-927-9228,aburry78@a8.net
262,Germain Ferrino,373-742-2069,gferrino79@paginegialle.it
263,Ruthe Gladeche,463-883-7046,rgladeche7a@disqus.com
264,Christoforo Jouannin,567-573-8575,cjouannin7b@csmonitor.com
265,Boothe Krienke,322-212-1477,bkrienke7c@ycombinator.com
266,Fritz MacSween,936-370-1131,fmacsween7d@addtoany.com
267,Valentia Bowmaker,595-821-1893,vbowmaker7e@abc.net.au
268,Evered Urpeth,114-118-3847,eurpeth7f@blinklist.com
269,Kellen Ramos,847-882-8972,kramos7g@g.co
270,Ortensia Treby,596-714-4668,otreby7h@digg.com
271,Heidi Ruslin,520-840-3406,hruslin7i@aol.com
272,Chantalle Triplett,120-474-6141,ctriplett7j@earthlink.net
273,Torey McPheat,981-231-3416,tmcpheat7k@psu.edu
274,Charmain Jouhandeau,183-154-5254,cjouhandeau7l@xrea.com
275,Woodrow Gerraty,723-965-3195,wgerraty7m@yelp.com
276,Rudolfo Burchett,524-222-8437,rburchett7n@barnesandnoble.com
277,Millie Spargo,494-790-6424,mspargo7o@census.gov
278,Murielle McGuggy,374-307-6535,mmcguggy7p@blog.com
279,Peri O' Flaherty,795-914-6194,po7q@shutterfly.com
280,Martyn Spottiswood,136-680-0477,mspottiswood7r@youtube.com
281,Jodee Duck,963-415-0858,jduck7s@mtv.com
282,Rebbecca Morrel,856-424-0261,rmorrel7t@devhub.com
283,Clifford Matuska,374-480-9043,cmatuska7u@goo.ne.jp
284,Linnell Beney,198-249-9745,lbeney7v@ask.com
285,Sidonnie Aleksankin,849-676-6807,saleksankin7w@t.co
286,Holmes Leckenby,714-577-0538,hleckenby7x@posterous.com
287,Flinn Tregidgo,494-437-0150,ftregidgo7y@fc2.com
288,Barri Bissett,193-764-2329,bbissett7z@cbslocal.com
289,Deerdre MacGlory,695-279-1287,dmacglory80@amazon.co.jp
290,Dwayne Jakov,728-561-7732,djakov81@mtv.com
291,Rochester Wodham,391-567-9256,rwodham82@youku.com
292,Roxy Huyton,934-324-3107,rhuyton83@technorati.com
293,Jannel Neeves,709-131-5108,jneeves84@ucsd.edu
294,Caresa Backs,247-778-9314,cbacks85@europa.eu
295,Sabrina McAlinion,858-321-6353,smcalinion86@elpais.com
296,Koral Carrier,586-563-4379,kcarrier87@indiatimes.com
297,Ceil Wethey,366-158-2994,cwethey88@wordpress.org
298,Silvie Crooks,556-395-1097,scrooks89@chronoengine.com
299,Giacobo Iacovelli,180-888-3307,giacovelli8a@dmoz.org
300,Emilie Stollberg,558-896-1577,estollberg8b@wordpress.org
301,Issi Agett,451-573-1919,iagett8c@a8.net
302,Melosa Pile,152-679-8609,mpile8d@diigo.com
303,Johnette Linster,529-305-4292,jlinster8e@harvard.edu
304,Amberly Haborn,474-667-8381,ahaborn8f@imdb.com
305,Lurleen Hearty,690-122-5716,lhearty8g@booking.com
306,Adamo Noton,879-729-7376,anoton8h@blogger.com
307,Jessamyn Medeway,369-409-7932,jmedeway8i@harvard.edu
308,Mathilde Spandley,673-987-0160,mspandley8j@gizmodo.com
309,Joyce Iddon,218-493-7352,jiddon8k@ox.ac.uk
310,Tyrus Vasyutochkin,770-299-5057,tvasyutochkin8l@barnesandnoble.com
311,Mellicent Alvy,354-365-5908,malvy8m@japanpost.jp
312,Rebeka Willford,341-553-2332,rwillford8n@google.co.uk
313,Dulcy Browning,375-701-1757,dbrowning8o@nhs.uk
314,Virgil Berwick,856-530-0101,vberwick8p@reverbnation.com
315,Mureil Steaning,480-767-9939,msteaning8q@dropbox.com
316,Dierdre Cordle,371-630-8823,dcordle8r@webs.com
317,Frederick Eland,333-682-6911,feland8s@aboutads.info
318,Sibby Stollenbecker,741-602-8935,sstollenbecker8t@sciencedaily.com
319,Corbin Sheppey,126-982-0528,csheppey8u@a8.net
320,Roselia Earle,926-892-1646,rearle8v@bigcartel.com
321,Ellery MacRierie,501-946-7310,emacrierie8w@bloomberg.com
322,Brook Drabble,903-531-9435,bdrabble8x@nymag.com
323,Bibi Miller,905-463-1273,bmiller8y@utexas.edu
324,Lesya Willarton,124-172-2522,lwillarton8z@omniture.com
325,Noland Ganderton,108-781-2191,nganderton90@ca.gov
326,Juieta Hargrove,769-843-9852,jhargrove91@google.nl
327,Andy Stowers,995-823-1500,astowers92@google.nl
328,Tan Preuvost,658-864-8715,tpreuvost93@parallels.com
329,La verne Halladay,151-323-4339,lverne94@ning.com
330,Billie Gilyatt,912-205-6642,bgilyatt95@slideshare.net
331,Mohandis Klaff,112-458-0976,mklaff96@so-net.ne.jp
332,Patty Caen,404-299-4033,pcaen97@eventbrite.com
333,Tuck Jagiello,886-189-9372,tjagiello98@sphinn.com
334,Crissie Smyley,443-591-2528,csmyley99@artisteer.com
335,Shanan Falconar,778-185-5499,sfalconar9a@squidoo.com
336,Nanete Rieme,713-753-6666,nrieme9b@amazon.co.jp
337,Zack Muston,736-251-6975,zmuston9c@sina.com.cn
338,Robinetta Golde,876-160-7651,rgolde9d@google.de
339,Casie Josselsohn,478-533-4535,cjosselsohn9e@github.io
340,Karolina Trusdale,480-997-3608,ktrusdale9f@phpbb.com
341,Justinian Slaght,564-377-6535,jslaght9g@independent.co.uk
342,Norrie Stranks,738-899-1988,nstranks9h@cbsnews.com
343,Gwenore Shipcott,527-608-1162,gshipcott9i@etsy.com
344,Lydia Helis,138-310-0323,lhelis9j@rambler.ru
345,Timi Blewett,822-847-5372,tblewett9k@domainmarket.com
346,Correy Monahan,587-687-6307,cmonahan9l@gmpg.org
347,Marcel Oldred,450-890-5615,moldred9m@gravatar.com
348,Karlen Le Grys,288-450-8710,kle9n@biblegateway.com
349,Neila Clarkson,782-828-1146,nclarkson9o@delicious.com
350,Elka Blaw,347-156-9456,eblaw9p@posterous.com
351,Margarita Warrick,428-757-0629,mwarrick9q@jalbum.net
352,Julianne Luckhurst,629-184-2263,jluckhurst9r@phpbb.com
353,Sergio Pulster,711-791-4358,spulster9s@imageshack.us
354,Drusi Trank,897-284-9538,dtrank9t@wisc.edu
355,Idaline Tinto,765-686-9280,itinto9u@geocities.com
356,Devora D'Acth,900-938-3149,ddacth9v@ox.ac.uk
357,Hale Gilstin,403-792-2849,hgilstin9w@canalblog.com
358,Ruttger Willeman,996-178-6779,rwilleman9x@purevolume.com
359,Maurice Bracchi,312-896-1180,mbracchi9y@blogspot.com
360,Anthiathia Seymour,224-514-4485,aseymour9z@acquirethisname.com
361,Brigham Blowen,333-358-8343,bblowena0@storify.com
362,Sammy Kettlewell,803-367-7578,skettlewella1@bandcamp.com
363,Michel Foss,623-567-8662,mfossa2@phpbb.com
364,Fawne Clarey,483-871-3414,fclareya3@sfgate.com
365,Sherlocke Essex,250-633-9529,sessexa4@seesaa.net
366,Philippe Jantet,971-468-4433,pjanteta5@cnbc.com
367,Devland Sheaber,923-306-1305,dsheabera6@eepurl.com
368,Pris Grouse,612-759-6062,pgrousea7@wp.com
369,Heinrik Mazdon,329-980-6279,hmazdona8@bigcartel.com
370,Ferdinanda Saunper,804-121-4520,fsaunpera9@wunderground.com
371,Jennica Bunford,877-711-2663,jbunfordaa@nbcnews.com
372,Phebe O'Loghlen,297-284-3480,pologhlenab@blogger.com
373,Paloma Formigli,222-840-2478,pformigliac@over-blog.com
374,Keefe Abrahamowitcz,861-511-2654,kabrahamowitczad@friendfeed.com
375,Ceil Tease,310-948-9718,cteaseae@hp.com
376,Shandra Figgen,715-732-9828,sfiggenaf@paypal.com
377,Cherri Shucksmith,870-739-8531,cshucksmithag@nytimes.com
378,Shelley Crowne,206-533-6575,scrowneah@umich.edu
379,Weber Cradey,984-990-2930,wcradeyai@intel.com
380,Elnore Ogilvie,191-164-0894,eogilvieaj@army.mil
381,Batsheva Alberts,492-452-0590,balbertsak@csmonitor.com
382,Erich Emeny,688-104-2901,eemenyal@webmd.com
383,Pen Lanceter,877-598-5956,planceteram@prnewswire.com
384,Trista Lilburn,166-407-7057,tlilburnan@yellowpages.com
385,Roda Kendrew,875-531-1409,rkendrewao@berkeley.edu
386,Ailyn Bengtsen,800-556-1862,abengtsenap@google.ca
387,Taddeo Adamsen,694-531-9820,tadamsenaq@t-online.de
388,Randene Scholling,600-734-2508,rschollingar@diigo.com
389,Editha Diddams,705-673-0337,ediddamsas@guardian.co.uk
390,Benyamin Pappin,502-278-4865,bpappinat@ucoz.com
391,Daile McFarlane,723-339-3047,dmcfarlaneau@bluehost.com
392,Lainey Smardon,434-507-5610,lsmardonav@issuu.com
393,Dallas Pea,546-909-7240,dpeaaw@php.net
394,Quintus Alstead,715-679-3530,qalsteadax@imdb.com
395,Angelico Rudgerd,955-178-3640,arudgerday@stumbleupon.com
396,Cherrita Kealey,463-984-5489,ckealeyaz@sakura.ne.jp
397,Katlin Roz,258-126-3521,krozb0@geocities.jp
398,Layney Grumbridge,457-688-7397,lgrumbridgeb1@ask.com
399,Marney Scarfe,617-229-7746,mscarfeb2@jiathis.com
400,Riley Togwell,764-547-0873,rtogwellb3@cornell.edu
401,Nessa Stannis,902-939-4099,nstannisb4@miibeian.gov.cn
402,Arlyne Pallatina,858-238-1851,apallatinab5@nifty.com
403,Inga Moggle,998-724-6131,imoggleb6@skype.com
404,Dory Musgrave,587-843-6567,dmusgraveb7@discuz.net
405,Lester Daintrey,266-659-2927,ldaintreyb8@comsenz.com
406,Norma Moyser,958-708-0161,nmoyserb9@barnesandnoble.com
407,Ron Segrott,831-907-3248,rsegrottba@unc.edu
408,Donnie De Angelis,162-128-8599,ddebb@imageshack.us
409,Dallas Gambles,511-515-4986,dgamblesbc@networksolutions.com
410,Leola Mockford,325-424-0050,lmockfordbd@amazon.de
411,Kassandra Flemyng,797-226-3441,kflemyngbe@alexa.com
412,Hansiain Maus,614-973-9403,hmausbf@weebly.com
413,Doloritas Waything,789-870-4707,dwaythingbg@chronoengine.com
414,Edy Kmietsch,303-455-0284,ekmietschbh@alexa.com
415,Millisent De Laspee,978-633-7480,mdebi@macromedia.com
416,Blaine Carrol,193-845-4675,bcarrolbj@tripadvisor.com
417,Maurene Cadamy,467-857-9513,mcadamybk@bizjournals.com
418,Perrine Bollis,242-838-8895,pbollisbl@yellowbook.com
419,Matias Tollerton,536-798-5361,mtollertonbm@tmall.com
420,Dov Huntingdon,757-824-0920,dhuntingdonbn@samsung.com
421,Jerrie Iorns,676-105-8371,jiornsbo@icq.com
422,Shellie Louiset,552-589-6568,slouisetbp@cnet.com
423,Hieronymus Dracey,201-581-8364,hdraceybq@photobucket.com
424,Town Geldeard,159-669-0163,tgeldeardbr@tinypic.com
425,Odetta Gerrard,631-789-5675,ogerrardbs@vistaprint.com
426,Veda Hawe,286-973-3306,vhawebt@pinterest.com
427,Saundra Walshe,344-882-5895,swalshebu@4shared.com
428,Daryl Ison,361-541-6033,disonbv@yolasite.com
429,Kinsley Giacomi,291-436-6228,kgiacomibw@lulu.com
430,Meredithe Bahia,594-440-6748,mbahiabx@ibm.com
431,Glen McDirmid,603-395-3057,gmcdirmidby@chicagotribune.com
432,Hatty Bach,946-966-7484,hbachbz@reverbnation.com
433,Jacklyn Loines,356-847-5503,jloinesc0@imdb.com
434,Frederic De Minico,350-512-9284,fdec1@archive.org
435,Jacki Buttfield,193-522-0729,jbuttfieldc2@netscape.com
436,Riccardo Hanney,912-774-5970,rhanneyc3@yandex.ru
437,Enrica Pie,190-847-2968,epiec4@amazon.co.uk
438,Roosevelt Cinnamond,566-964-1073,rcinnamondc5@topsy.com
439,Damien Ziebart,119-178-9643,dziebartc6@hubpages.com
440,Janine Eake,721-380-6725,jeakec7@istockphoto.com
441,Langsdon Hamson,524-656-6519,lhamsonc8@earthlink.net
442,Jeramey Colbridge,637-761-8598,jcolbridgec9@theatlantic.com
443,Crin Coales,815-736-7092,ccoalesca@ehow.com
444,Willie Camili,116-488-1632,wcamilicb@java.com
445,Ashely Jeandet,573-968-4911,ajeandetcc@parallels.com
446,Drucie Fusedale,130-490-4290,dfusedalecd@soup.io
447,Forrest Reek,849-742-1752,freekce@wired.com
448,Querida Savatier,775-244-8732,qsavatiercf@hhs.gov
449,Farrah Vernham,807-647-6762,fvernhamcg@usda.gov
450,Latrina Arent,917-900-2761,larentch@nbcnews.com
451,Baxie Okenden,973-305-8327,bokendenci@reddit.com
452,Gregoire Gaskill,414-300-0420,ggaskillcj@businesswire.com
453,Adi Matuska,853-420-6307,amatuskack@mediafire.com
454,Kellyann Scotchmor,631-467-8226,kscotchmorcl@360.cn
455,Bear Hegarty,633-360-1366,bhegartycm@indiatimes.com
456,Gawain Spurling,509-267-0785,gspurlingcn@reference.com
457,Charissa Dickman,801-654-1462,cdickmanco@pen.io
458,Estell Mc Gorley,750-251-5089,emccp@networkadvertising.org
459,Coretta Turbefield,672-547-6936,cturbefieldcq@time.com
460,Paulita Lindenman,533-337-3609,plindenmancr@ed.gov
461,Zed Delue,224-501-6888,zdeluecs@hatena.ne.jp
462,Kaiser Toal,259-652-9151,ktoalct@de.vu
463,Oralla Joanic,882-327-6210,ojoaniccu@ucla.edu
464,Cherilynn Jirieck,235-137-8177,cjirieckcv@dell.com
465,Felice Brunger,590-309-2550,fbrungercw@aol.com
466,Allyn Clougher,836-899-8327,acloughercx@storify.com
467,Kylie Giorgetti,991-643-9913,kgiorgetticy@upenn.edu
468,Jody Hourigan,437-898-8900,jhourigancz@cnbc.com
469,Jessie Lammiman,915-394-7447,jlammimand0@cdbaby.com
470,Fabiano Hanington,854-475-7336,fhaningtond1@google.ru
471,Tarah Honeywood,496-497-4882,thoneywoodd2@xrea.com
472,Craggy Egleton,952-939-4964,cegletond3@ebay.com
473,Lilian Sedman,122-414-0979,lsedmand4@businessweek.com
474,Marlo Lackington,862-536-6998,mlackingtond5@instagram.com
475,Kerrill Rolfini,647-579-6679,krolfinid6@google.ru
476,Mandi Asquez,771-792-8033,masquezd7@sakura.ne.jp
477,Homerus Nower,938-715-4864,hnowerd8@free.fr
478,Isabelle Dods,327-891-6995,idodsd9@prlog.org
479,Carita Lidyard,810-277-9174,clidyardda@narod.ru
480,Stesha Davenhall,907-854-6875,sdavenhalldb@instagram.com
481,Rudiger Eichmann,561-938-4752,reichmanndc@studiopress.com
482,Armando Dicey,184-256-2990,adiceydd@dailymotion.com
483,Simone Carnock,224-611-4020,scarnockde@hhs.gov
484,Kailey Farryan,326-267-0824,kfarryandf@sogou.com
485,Jermayne Fulger,297-447-0340,jfulgerdg@clickbank.net
486,Amargo Densie,155-171-8883,adensiedh@yahoo.com
487,Ruben Barense,437-190-3647,rbarensedi@netscape.com
488,Tiler Horley,366-329-8579,thorleydj@walmart.com
489,Kurt Sexton,498-749-6783,ksextondk@buzzfeed.com
490,Gil Abrashkov,643-502-9577,gabrashkovdl@bravesites.com
491,Ginger Scattergood,470-699-6840,gscattergooddm@cargocollective.com
492,Neila Scothorne,525-510-4711,nscothornedn@businessinsider.com
493,Norma Whisby,435-483-4951,nwhisbydo@sphinn.com
494,Kailey Haighton,265-414-4515,khaightondp@multiply.com
495,Elmo Bateup,793-652-4944,ebateupdq@fotki.com
496,Carrissa Jeremiah,943-809-9793,cjeremiahdr@geocities.jp
497,Nealy Jarrett,477-474-2966,njarrettds@stanford.edu
498,Agneta Obington,553-808-1086,aobingtondt@hubpages.com
499,Michaela Broomhall,752-371-9290,mbroomhalldu@ask.com
500,Clo Chidley,584-532-8689,cchidleydv@php.net
501,Anselm Willishire,431-676-5380,awillishiredw@youku.com
502,Chaunce Lovett,161-875-6975,clovettdx@indiegogo.com
503,Chery Eustis,317-128-3552,ceustisdy@i2i.jp
504,Michell Riccio,532-409-4112,mricciodz@bloomberg.com
505,Juditha Rigard,856-390-4392,jrigarde0@bigcartel.com
506,Wheeler Ilyukhov,801-232-3845,wilyukhove1@yellowpages.com
507,Danya Ellif,798-548-3672,dellife2@java.com
508,Emmit Twinn,249-582-6439,etwinne3@photobucket.com
509,Marjy Koche,250-791-6775,mkochee4@bloglovin.com
510,Yardley Dunston,950-733-3985,ydunstone5@walmart.com
511,Rivkah Dulwitch,688-240-4483,rdulwitche6@hud.gov
512,Modestine Novik,942-337-6842,mnovike7@tamu.edu
513,Hayward Hubbock,574-146-8062,hhubbocke8@salon.com
514,Larina Nannini,279-193-5081,lnanninie9@indiegogo.com
515,Morganne Aslie,286-202-5306,maslieea@imdb.com
516,Ardis Libbie,368-542-0143,alibbieeb@meetup.com
517,Willabella Averies,333-121-1129,waveriesec@blog.com
518,Manolo Cottle,646-319-9762,mcottleed@alibaba.com
519,Alexandre Pardew,580-656-8084,apardewee@indiatimes.com
520,Abbey Antunez,673-599-0461,aantunezef@examiner.com
521,Irvine Dana,855-781-8188,idanaeg@over-blog.com
522,Raquela Treacy,568-679-3943,rtreacyeh@noaa.gov
523,Rebe Cockrell,933-357-0527,rcockrellei@timesonline.co.uk
524,Pat Boak,820-895-2269,pboakej@about.me
525,Robers Seeney,570-714-5784,rseeneyek@skype.com
526,Theo Pottberry,627-574-7473,tpottberryel@tripadvisor.com
527,Rafaelia Meharg,657-399-2370,rmehargem@cdbaby.com
528,Eugene Cripin,299-289-5679,ecripinen@buzzfeed.com
529,Bertrand Yakushkev,265-342-4239,byakushkeveo@parallels.com
530,Abbott Newlan,502-919-2355,anewlanep@tuttocitta.it
531,Farlie Peachey,212-350-5412,fpeacheyeq@theguardian.com
532,Patton Cousans,306-137-6785,pcousanser@ftc.gov
533,Ham Klagges,225-812-8463,hklaggeses@google.cn
534,Dyana Porson,269-442-8945,dporsonet@meetup.com
535,Myranda Doggerell,401-472-6277,mdoggerelleu@independent.co.uk
536,Clemmy Treversh,753-249-5082,ctrevershev@sun.com
537,Ekaterina Nairns,675-117-4412,enairnsew@gnu.org
538,Karlen Ambrosoli,521-900-8114,kambrosoliex@freewebs.com
539,Dave Schoffler,134-385-8769,dschofflerey@ezinearticles.com
540,Goldie Filipychev,206-250-3008,gfilipychevez@noaa.gov
541,Jobi Suston,467-828-3202,jsustonf0@theguardian.com
542,Leona Minchindon,145-205-9816,lminchindonf1@networksolutions.com
543,Daphne Itzkovwitch,596-278-0724,ditzkovwitchf2@nytimes.com
544,Thibaud Polden,352-423-1129,tpoldenf3@live.com
545,Charlena Dowd,964-653-4281,cdowdf4@imgur.com
546,Rand Fraser,192-520-1073,rfraserf5@cdbaby.com
547,Lisle Piquard,987-257-6867,lpiquardf6@umn.edu
548,Alfons Aubri,793-119-0393,aaubrif7@webs.com
549,Winnie Biasotti,828-334-9770,wbiasottif8@sohu.com
550,Chandler Metterick,606-637-2142,cmetterickf9@cpanel.net
551,Rochester Johananoff,598-294-0521,rjohananofffa@hibu.com
552,Jocelin Gurys,173-566-2282,jgurysfb@businessweek.com
553,Belicia Spradbrow,627-685-2559,bspradbrowfc@yandex.ru
554,Cheslie Mallinar,295-738-0503,cmallinarfd@zimbio.com
555,Glad Sherr,191-308-9120,gsherrfe@uiuc.edu
556,Beverley Stubbington,899-170-5665,bstubbingtonff@deviantart.com
557,Rudie Longfellow,856-961-0915,rlongfellowfg@redcross.org
558,Carlie Barles,849-113-6260,cbarlesfh@disqus.com
559,Codee Winkle,206-344-3255,cwinklefi@vinaora.com
560,Hugo Knowler,419-220-1013,hknowlerfj@symantec.com
561,Cory Natwick,111-421-5976,cnatwickfk@mayoclinic.com
562,Rosabelle Enns,307-139-1820,rennsfl@cloudflare.com
563,Reese Davidovich,103-579-8606,rdavidovichfm@blogger.com
564,Addy Nunnery,387-488-3885,anunneryfn@blog.com
565,Deina Rodliff,225-805-9500,drodlifffo@geocities.jp
566,Hildegaard Osipov,314-467-4821,hosipovfp@icio.us
567,Kenna Ingram,239-761-3325,kingramfq@washington.edu
568,Garret Matthensen,472-603-1599,gmatthensenfr@ask.com
569,Rycca Gauch,653-869-7106,rgauchfs@va.gov
570,Zolly MacAdam,857-139-2800,zmacadamft@goo.ne.jp
571,Royall Croysdale,664-327-4257,rcroysdalefu@google.de
572,Zachariah Fake,854-923-1332,zfakefv@google.nl
573,Ileane Perkin,860-877-8375,iperkinfw@businesswire.com
574,Nancie Astman,915-605-9160,nastmanfx@booking.com
575,Margaret Rubberts,174-461-1392,mrubbertsfy@oakley.com
576,Lesley Tinklin,678-419-5616,ltinklinfz@myspace.com
577,Scotti Koppe,376-446-8794,skoppeg0@infoseek.co.jp
578,Gisella Dutnell,219-317-3398,gdutnellg1@quantcast.com
579,Dniren Iskowitz,597-736-1443,diskowitzg2@so-net.ne.jp
580,Harriet Southby,237-431-7707,hsouthbyg3@sina.com.cn
581,Duffie Robillard,452-705-0714,drobillardg4@omniture.com
582,Julia Crutcher,165-989-1838,jcrutcherg5@shareasale.com
583,Roselia Carman,371-506-4097,rcarmang6@jalbum.net
584,Leisha Signori,862-650-8143,lsignorig7@samsung.com
585,Desi Mounfield,656-433-6570,dmounfieldg8@printfriendly.com
586,Katuscha Lozano,993-170-5793,klozanog9@microsoft.com
587,Tessy Lack,864-248-5741,tlackga@state.gov
588,Aubert Kirkbride,623-921-5784,akirkbridegb@latimes.com
589,Kimball Miskimmon,772-370-1378,kmiskimmongc@squidoo.com
590,Meredith Penritt,208-193-0438,mpenrittgd@360.cn
591,Luigi Bosward,661-696-1149,lboswardge@cdbaby.com
592,Tildy Abbess,796-317-5935,tabbessgf@networksolutions.com
593,Effie Feaveer,595-358-9565,efeaveergg@patch.com
594,Selle Hinchcliffe,505-218-1290,shinchcliffegh@delicious.com
595,Fee Stobbs,132-509-1944,fstobbsgi@va.gov
596,Meredeth Tillett,900-941-5782,mtillettgj@moonfruit.com
597,Hugh Osbiston,616-309-8699,hosbistongk@dailymotion.com
598,Craggy Skyppe,871-991-9143,cskyppegl@bing.com
599,Budd Code,703-290-1026,bcodegm@blinklist.com
600,Hartley Ledwich,333-468-6694,hledwichgn@google.fr
601,Elnar Cockill,292-173-6064,ecockillgo@craigslist.org
602,Taffy Outibridge,890-941-5720,toutibridgegp@engadget.com
603,Benjamen Rens,399-786-1484,brensgq@accuweather.com
604,Fee Fleisch,256-825-1595,ffleischgr@cnbc.com
605,Bamby Jehu,276-138-9643,bjehugs@google.co.uk
606,Mahalia Sitford,660-730-6262,msitfordgt@oracle.com
607,Noland Alldis,398-445-3240,nalldisgu@japanpost.jp
608,Rollie Colicot,369-695-4070,rcolicotgv@usnews.com
609,Maible Mattiuzzi,854-182-5216,mmattiuzzigw@answers.com
610,Fiorenze Wison,396-137-6868,fwisongx@squarespace.com
611,Morena Ecob,684-513-9393,mecobgy@slideshare.net
612,Josi Ginnety,298-635-5852,jginnetygz@typepad.com
613,Catie Kocher,700-936-7448,ckocherh0@surveymonkey.com
614,Fair Guisler,687-444-9339,fguislerh1@guardian.co.uk
615,Devonna Meritt,136-400-6710,dmeritth2@yahoo.co.jp
616,Kennett Zoppo,636-851-5804,kzoppoh3@dyndns.org
617,Owen Goodhay,309-439-9465,ogoodhayh4@e-recht24.de
618,Tanitansy Girvan,603-896-9457,tgirvanh5@mozilla.org
619,Ward Deek,149-850-6095,wdeekh6@trellian.com
620,Hailee Bratt,949-175-5995,hbratth7@google.co.uk
621,Dorthea Morrid,232-724-9369,dmorridh8@umn.edu
622,Vinni Kee,573-693-3992,vkeeh9@home.pl
623,Shelby Paylie,598-689-0374,spaylieha@sciencedaily.com
624,Magdaia Pettko,613-805-6377,mpettkohb@tripadvisor.com
625,Nolana Eisold,662-614-5985,neisoldhc@walmart.com
626,Tawnya Jiruch,242-217-8332,tjiruchhd@1und1.de
627,Bendick Borrott,923-665-2998,bborrotthe@nba.com
628,Sanders Endersby,888-787-6008,sendersbyhf@auda.org.au
629,De Iglesiaz,202-958-8577,diglesiazhg@squarespace.com
630,Mary Marvell,619-326-7154,mmarvellhh@examiner.com
631,Annalise Lamblin,871-887-5288,alamblinhi@arizona.edu
632,Kit Vella,602-389-1177,kvellahj@phoca.cz
633,Nikoletta Cobbled,837-684-9876,ncobbledhk@vk.com
634,Brewer Shillingford,786-998-3039,bshillingfordhl@jimdo.com
635,Starlin Cadagan,700-266-0167,scadaganhm@bluehost.com
636,Honor Lightoller,628-920-0444,hlightollerhn@geocities.com
637,Steve Laingmaid,647-414-5575,slaingmaidho@dropbox.com
638,Deanne Colicot,404-518-1889,dcolicothp@apple.com
639,Tommi Pilmore,655-207-2493,tpilmorehq@amazon.co.uk
640,Annabela Prior,604-738-2060,apriorhr@npr.org
641,Anselma Ransfield,671-976-1277,aransfieldhs@umn.edu
642,Paddy Gabbot,722-675-5044,pgabbotht@whitehouse.gov
643,Flinn Bridson,784-969-7536,fbridsonhu@mit.edu
644,Matty Froment,412-448-3429,mfromenthv@woothemes.com
645,Agatha Brittlebank,543-177-0411,abrittlebankhw@instagram.com
646,Helge Clapham,829-904-2976,hclaphamhx@bbc.co.uk
647,Hal Mc Ilwrick,445-468-9419,hmchy@unc.edu
648,Faustine Haddy,450-358-2781,fhaddyhz@webeden.co.uk
649,Kennie Whorlton,142-274-2192,kwhorltoni0@paypal.com
650,Ryan Gatfield,785-740-7652,rgatfieldi1@bizjournals.com
651,Nero Craythorne,112-845-4375,ncraythornei2@google.de
652,Delores Gason,930-621-2209,dgasoni3@shinystat.com
653,Milty Rigeby,748-356-3522,mrigebyi4@instagram.com
654,Lewes Galle,777-612-9597,lgallei5@macromedia.com
655,Jenni Russon,491-126-2182,jrussoni6@nasa.gov
656,Ruperta Bullion,665-893-6595,rbullioni7@prlog.org
657,Xaviera Kennerknecht,538-164-6782,xkennerknechti8@deviantart.com
658,Valida Lightoller,868-965-2388,vlightolleri9@sbwire.com
659,Law O'Sesnane,223-888-6063,losesnaneia@oaic.gov.au
660,Aguie Tonepohl,573-814-3683,atonepohlib@mapquest.com
661,Gabie Newis,702-324-5651,gnewisic@weather.com
662,Giselbert Templeman,592-214-5089,gtemplemanid@webs.com
663,Rosalinda Mitskevich,996-276-5461,rmitskevichie@blinklist.com
664,Jori Pellamont,430-264-8252,jpellamontif@thetimes.co.uk
665,Milo Blackwood,354-880-5152,mblackwoodig@census.gov
666,Fabien Rhodus,638-108-5293,frhodusih@biglobe.ne.jp
667,Nolly Quigg,470-587-8701,nquiggii@myspace.com
668,Aluin Ofield,256-538-4196,aofieldij@washingtonpost.com
669,Penrod Ferrey,302-238-9134,pferreyik@nhs.uk
670,Mikkel Sture,312-202-1524,mstureil@whitehouse.gov
671,Casie Woodroffe,108-233-2341,cwoodroffeim@ucsd.edu
672,Oriana Galletly,751-751-7989,ogalletlyin@elegantthemes.com
673,Mahmud Stendall,771-949-3634,mstendallio@seattletimes.com
674,Evyn Myatt,525-120-2716,emyattip@webnode.com
675,Lucia Kordt,107-835-9127,lkordtiq@yellowbook.com
676,Adrienne Carnier,661-812-0106,acarnierir@feedburner.com
677,Julissa Guyer,784-689-7603,jguyeris@nyu.edu
678,Mozes Rayson,709-308-7117,mraysonit@ezinearticles.com
679,Tobey Novello,236-549-5732,tnovelloiu@unicef.org
680,Rolland Eaglestone,585-374-0599,reaglestoneiv@ehow.com
681,Lilas Garton,185-529-5480,lgartoniw@google.com.hk
682,Wilow Gotch,734-898-5054,wgotchix@bizjournals.com
683,Isidor Edgler,381-638-7362,iedgleriy@surveymonkey.com
684,Georgy Botwright,739-204-8534,gbotwrightiz@behance.net
685,Micky D'Cruze,675-301-7413,mdcruzej0@toplist.cz
686,Nickolai Barnhill,161-581-2893,nbarnhillj1@si.edu
687,Thalia Howe,627-216-8933,thowej2@nhs.uk
688,Bernice Corpes,777-323-4414,bcorpesj3@weebly.com
689,Clayton Longhi,615-699-8498,clonghij4@salon.com
690,Garwood Dyke,867-142-5635,gdykej5@1688.com
691,Harmony Blackhurst,272-192-4920,hblackhurstj6@mail.ru
692,Darrell Butterley,240-618-6195,dbutterleyj7@wordpress.org
693,Erskine Gidman,308-132-1734,egidmanj8@nih.gov
694,Oona Spradbery,123-829-1345,ospradberyj9@cnbc.com
695,Andrew MacFadden,508-411-4920,amacfaddenja@discuz.net
696,Dillon Deakes,108-908-1683,ddeakesjb@ucoz.ru
697,Weber Turnbull,389-155-0145,wturnbulljc@prlog.org
698,Peta Tolchard,285-426-3577,ptolchardjd@yelp.com
699,Carce Langeren,161-852-5941,clangerenje@weebly.com
700,Cal Baldrey,224-697-8441,cbaldreyjf@simplemachines.org
701,Gates Mainstone,537-677-7236,gmainstonejg@taobao.com
702,Morey Blofeld,361-924-2299,mblofeldjh@icq.com
703,Galen Eidler,216-420-8331,geidlerji@123-reg.co.uk
704,Phil Edgworth,628-130-2515,pedgworthjj@about.com
705,Lynne Orrill,349-262-3184,lorrilljk@youku.com
706,Raf Roche,180-458-2948,rrochejl@surveymonkey.com
707,Cassi Wisham,572-298-8983,cwishamjm@buzzfeed.com
708,Earle Rosenboim,952-455-0436,erosenboimjn@163.com
709,Chelsie Bourges,823-787-1305,cbourgesjo@e-recht24.de
710,Lurette Turnpenny,190-411-7623,lturnpennyjp@etsy.com
711,Wolfgang Secret,353-919-7464,wsecretjq@moonfruit.com
712,Orton Toxell,778-577-6796,otoxelljr@baidu.com
713,Lyman Bigland,365-857-1026,lbiglandjs@yelp.com
714,Itch Dingsdale,692-109-4309,idingsdalejt@house.gov
715,Rhetta MacCaull,568-784-9577,rmaccaullju@hugedomains.com
716,Ernest Ivantsov,770-997-2245,eivantsovjv@wsj.com
717,Morgun Bagshawe,766-972-5013,mbagshawejw@ftc.gov
718,Simone Kembry,917-917-6510,skembryjx@techcrunch.com
719,Kaylil Bedinham,320-317-4622,kbedinhamjy@statcounter.com
720,Wilek Tincknell,387-535-0596,wtincknelljz@shutterfly.com
721,Cinnamon Saladino,269-406-6033,csaladinok0@people.com.cn
722,Lorain Hugland,253-736-8597,lhuglandk1@hubpages.com
723,Sigismondo Aliman,244-258-7499,salimank2@time.com
724,Shoshana Eynaud,176-858-6017,seynaudk3@over-blog.com
725,Iago Gouldeby,319-274-7379,igouldebyk4@independent.co.uk
726,Chas Brankley,315-409-5628,cbrankleyk5@seesaa.net
727,Ban Le Marquand,207-219-4806,blek6@cocolog-nifty.com
728,Lemuel Lucus,600-292-7234,llucusk7@aboutads.info
729,Eugenio McDougle,296-404-7746,emcdouglek8@boston.com
730,Genvieve Harbottle,856-311-8839,gharbottlek9@icio.us
731,Kellen Merill,407-699-6159,kmerillka@google.com.au
732,Teador Boniface,485-496-6391,tbonifacekb@techcrunch.com
733,Betty Mariner,736-114-5081,bmarinerkc@tripadvisor.com
734,Corbin Hartly,819-842-8504,chartlykd@blogtalkradio.com
735,Reinhold Mugglestone,575-833-0574,rmugglestoneke@hc360.com
736,Jerrome Floris,469-847-7287,jfloriskf@free.fr
737,Man Allery,203-473-9146,mallerykg@godaddy.com
738,Jeane Counter,675-227-1645,jcounterkh@meetup.com
739,Anneliese Byart,350-347-7329,abyartki@twitpic.com
740,Byron Caldero,856-252-7663,bcalderokj@flickr.com
741,Elizabeth Gillet,632-599-7952,egilletkk@apache.org
742,Teresita Peat,465-712-6200,tpeatkl@sciencedirect.com
743,Orelee Haliday,214-229-3933,ohalidaykm@wikimedia.org
744,Merridie Heatlie,607-790-4070,mheatliekn@walmart.com
745,Bill Benesevich,825-623-8970,bbenesevichko@noaa.gov
746,Galven Lufkin,331-881-6230,glufkinkp@timesonline.co.uk
747,Lacee Porteous,288-997-6316,lporteouskq@nydailynews.com
748,Hadlee Shreve,889-195-8906,hshrevekr@ed.gov
749,Emmery Riggoll,209-663-0691,eriggollks@blogspot.com
750,Mady Seebert,806-277-1166,mseebertkt@moonfruit.com
751,Blair Pawnsford,365-124-4430,bpawnsfordku@miibeian.gov.cn
752,Kathy Ioselevich,340-839-4482,kioselevichkv@1und1.de
753,Gayle Cropp,111-267-8775,gcroppkw@tinypic.com
754,Warren Tatum,673-565-2658,wtatumkx@desdev.cn
755,Luce Fero,419-771-0736,lferoky@de.vu
756,Yorgo Conring,169-975-1240,yconringkz@ehow.com
757,Manda Feild,490-927-4215,mfeildl0@eepurl.com
758,Maddie Grodden,619-976-8049,mgroddenl1@mtv.com
759,Dallas Theze,817-884-1181,dthezel2@webmd.com
760,Brion Hurndall,897-208-2353,bhurndalll3@blinklist.com
761,Donny Danilovic,246-181-2823,ddanilovicl4@booking.com
762,Darryl McLaverty,145-773-2179,dmclavertyl5@jimdo.com
763,Rafa Balharry,125-665-7365,rbalharryl6@google.com
764,Chrissy Sorensen,289-697-9418,csorensenl7@delicious.com
765,Filmore Warbey,816-768-0635,fwarbeyl8@un.org
766,Corilla Fossord,760-466-0271,cfossordl9@ovh.net
767,Jacklin Chipman,757-937-9986,jchipmanla@privacy.gov.au
768,Min Hazard,859-996-4268,mhazardlb@archive.org
769,Barclay Bessell,248-782-1425,bbesselllc@loc.gov
770,Rafferty Simcock,670-523-9217,rsimcockld@exblog.jp
771,Francklin Bovaird,555-119-0394,fbovairdle@about.me
772,Ashby Kimberly,267-889-3159,akimberlylf@salon.com
773,Mordecai Neathway,402-595-5105,mneathwaylg@about.com
774,Janeta Essberger,503-333-1141,jessbergerlh@ustream.tv
775,Faunie Itzkovwich,357-251-2993,fitzkovwichli@jalbum.net
776,Adaline Vink,464-597-0566,avinklj@tuttocitta.it
777,Elvera Dutch,689-436-2655,edutchlk@com.com
778,Riobard Haskur,354-429-0552,rhaskurll@chronoengine.com
779,Gert Canland,141-245-3675,gcanlandlm@nydailynews.com
780,Sharron Abrahamsson,938-382-8374,sabrahamssonln@hugedomains.com
781,Annadiana Harme,324-823-8784,aharmelo@booking.com
782,Gardener Atherton,894-180-6834,gathertonlp@va.gov
783,Devin Klyner,407-912-6460,dklynerlq@desdev.cn
784,Riane Gherardi,112-921-1818,rgherardilr@cargocollective.com
785,Corrianne Pilipyak,460-761-2938,cpilipyakls@devhub.com
786,Berny Redier,741-421-7316,bredierlt@answers.com
787,Alix Mingaye,164-974-9100,amingayelu@ameblo.jp
788,Desiri Guiducci,919-304-8491,dguiduccilv@wunderground.com
789,Reidar Dolbey,724-118-1588,rdolbeylw@virginia.edu
790,Rufe Vynehall,861-945-0489,rvynehalllx@reverbnation.com
791,Annadiana Konzel,702-337-9031,akonzelly@prnewswire.com
792,Gerard Di Dello,941-303-3962,gdilz@lulu.com
793,Robin Saffon,856-783-6152,rsaffonm0@mashable.com
794,Hermy Cuell,472-887-0661,hcuellm1@elpais.com
795,Cleopatra Kief,270-927-2539,ckiefm2@joomla.org
796,Kinny Eates,829-137-1291,keatesm3@oaic.gov.au
797,Casi Purver,647-622-3888,cpurverm4@yahoo.com
798,Hakeem Lyston,530-500-4046,hlystonm5@free.fr
799,Phaidra Lobe,313-801-8345,plobem6@cocolog-nifty.com
800,Willi Tissier,598-381-8199,wtissierm7@bravesites.com
801,Roxi Adamov,627-610-6324,radamovm8@printfriendly.com
802,Sophronia McGeraghty,800-757-5403,smcgeraghtym9@springer.com
803,Marleen Heyns,283-684-5146,mheynsma@phpbb.com
804,Zelma Petras,367-750-1313,zpetrasmb@wisc.edu
805,Livvy Girodias,223-869-8469,lgirodiasmc@rakuten.co.jp
806,Cooper Kemsley,414-914-7458,ckemsleymd@wisc.edu
807,Godiva Chalice,961-824-8675,gchaliceme@salon.com
808,Frederich Lethlay,810-876-4421,flethlaymf@bizjournals.com
809,Corny Tomovic,205-310-0054,ctomovicmg@prlog.org
810,Omero Timlin,367-481-3513,otimlinmh@blogger.com
811,Eliot Godbald,573-395-6414,egodbaldmi@mysql.com
812,Ayn Ugoni,204-649-9323,augonimj@pagesperso-orange.fr
813,Winne Clapson,530-299-2543,wclapsonmk@a8.net
814,Rosemary Snoxill,888-369-7185,rsnoxillml@uiuc.edu
815,Julian Goodenough,980-152-3308,jgoodenoughmm@instagram.com
816,Nicole Rehn,181-708-3360,nrehnmn@baidu.com
817,Heda Chatfield,716-557-6428,hchatfieldmo@alibaba.com
818,Porty Deaton,159-269-9577,pdeatonmp@rambler.ru
819,Salomon Bonnar,703-443-5446,sbonnarmq@tinypic.com
820,Kaylil Reddlesden,301-316-2085,kreddlesdenmr@wunderground.com
821,Winne Rosenboim,479-753-6158,wrosenboimms@1und1.de
822,Hatti Santarelli,488-465-1169,hsantarellimt@feedburner.com
823,Jerrold Bending,236-607-9170,jbendingmu@com.com
824,Cornall Gorner,650-909-7267,cgornermv@prnewswire.com
825,Gertie Thurber,133-900-2283,gthurbermw@desdev.cn
826,Dudley Mish,653-646-1989,dmishmx@flickr.com
827,Mick Seleway,581-844-5419,mselewaymy@mysql.com
828,Corissa Seymark,458-774-0838,cseymarkmz@sohu.com
829,Aubert Kearford,754-670-7947,akearfordn0@businessweek.com
830,Isa Astlatt,958-729-9653,iastlattn1@army.mil
831,Del Ellerby,112-361-3081,dellerbyn2@boston.com
832,Bobbette Gainfort,344-427-6619,bgainfortn3@nature.com
833,Marget Statefield,891-680-1771,mstatefieldn4@disqus.com
834,Sidnee MacRirie,952-159-4911,smacririen5@bigcartel.com
835,Udall Aldhous,544-695-6082,ualdhousn6@twitpic.com
836,Bernetta Verrills,719-631-3959,bverrillsn7@globo.com
837,Alberta Toyne,485-326-5926,atoynen8@phpbb.com
838,Giacinta Aleevy,510-768-7797,galeevyn9@hexun.com
839,Zonnya Rennock,785-441-5203,zrennockna@t-online.de
840,Caldwell Placide,713-318-5086,cplacidenb@shop-pro.jp
841,Gusta Shotboult,252-231-6095,gshotboultnc@cornell.edu
842,Teriann Marriot,842-655-4271,tmarriotnd@netvibes.com
843,Lawry Lownie,333-130-5164,llowniene@scribd.com
844,Amory Halfhyde,731-643-2495,ahalfhydenf@google.com.hk
845,Cale Marcoolyn,390-212-9840,cmarcoolynng@over-blog.com
846,Meridel Mintoff,249-382-8274,mmintoffnh@jalbum.net
847,Ollie Cabel,965-389-7249,ocabelni@freewebs.com
848,Ivett Bohje,394-567-1468,ibohjenj@goo.ne.jp
849,Zach Rowe,414-980-1324,zrowenk@discuz.net
850,Ignaz Sare,725-522-8489,isarenl@qq.com
851,Berke Vardon,419-189-1658,bvardonnm@wp.com
852,Sorcha Standeven,329-514-1916,sstandevennn@freewebs.com
853,Hynda Kores,903-658-8386,hkoresno@ocn.ne.jp
854,Daisy Roder,564-759-9771,drodernp@fc2.com
855,Ethelbert Zanassi,460-300-8139,ezanassinq@walmart.com
856,Hubie Wolfer,146-424-3248,hwolfernr@home.pl
857,Roda Brodbin,961-613-7238,rbrodbinns@mediafire.com
858,Janka Blakeney,935-221-8905,jblakeneynt@state.tx.us
859,Jorie Rearden,190-424-5262,jreardennu@delicious.com
860,Wilow Laity,493-967-7933,wlaitynv@army.mil
861,Mabelle Derham,812-899-2606,mderhamnw@example.com
862,Marvin Greschik,110-267-9565,mgreschiknx@pen.io
863,Audry Dabnot,274-934-3924,adabnotny@patch.com
864,Jerrome Ayliffe,330-303-4074,jayliffenz@mayoclinic.com
865,Derron Guyan,206-943-9448,dguyano0@amazon.co.uk
866,Pierrette Faithfull,492-653-4978,pfaithfullo1@berkeley.edu
867,Nat Diament,644-461-3335,ndiamento2@friendfeed.com
868,Kellsie Baitey,907-706-2780,kbaiteyo3@omniture.com
869,Merrick Pallatina,163-401-8473,mpallatinao4@exblog.jp
870,Tedmund Vyse,829-455-1840,tvyseo5@ifeng.com
871,Miltie Wickling,903-556-7093,mwicklingo6@unc.edu
872,Brett Ibotson,832-423-9681,bibotsono7@cocolog-nifty.com
873,Morty Lyver,759-151-8410,mlyvero8@bizjournals.com
874,Randal Hevner,523-662-5295,rhevnero9@google.de
875,Heloise Molines,482-889-9249,hmolinesoa@intel.com
876,Elisabeth Taudevin,610-289-2985,etaudevinob@wikia.com
877,Von Offer,710-646-4837,vofferoc@istockphoto.com
878,Austin Oldland,172-587-3641,aoldlandod@google.es
879,Ophelie Feeney,565-952-1734,ofeeneyoe@addtoany.com
880,Hobie Burtwell,833-593-7998,hburtwellof@opera.com
881,Iolanthe Beaby,649-992-5612,ibeabyog@nyu.edu
882,Gretal Ruddoch,749-475-2705,gruddochoh@mac.com
883,Bartlet Crebo,266-137-6427,bcrebooi@squarespace.com
884,Rhett Bance,224-277-0967,rbanceoj@goo.gl
885,Berrie Moses,381-363-2089,bmosesok@studiopress.com
886,Sioux Stoltz,731-401-3536,sstoltzol@webnode.com
887,Uriah Gjerde,148-906-6988,ugjerdeom@irs.gov
888,Lowrance Bollini,551-876-7629,lbollinion@ed.gov
889,Evonne Sappy,340-966-2929,esappyoo@cocolog-nifty.com
890,Morgen Yvens,465-726-3133,myvensop@prnewswire.com
891,Keven Purseglove,541-134-2602,kpursegloveoq@usda.gov
892,Veronike Hallor,719-370-7943,vhalloror@toplist.cz
893,Marna Destouche,395-627-5852,mdestoucheos@guardian.co.uk
894,Willard Chasles,240-233-1451,wchaslesot@zdnet.com
895,Alysia MacCahee,860-682-0497,amaccaheeou@usatoday.com
896,Dill Ceschi,820-125-6679,dceschiov@tripadvisor.com
897,Coretta Ormistone,178-843-6925,cormistoneow@columbia.edu
898,Carlyn Yurshev,261-579-2561,cyurshevox@ted.com
899,Magdalene Szepe,174-121-3176,mszepeoy@berkeley.edu
900,Keen Hoys,226-694-0842,khoysoz@woothemes.com
901,Darcy Collinwood,261-492-1865,dcollinwoodp0@altervista.org
902,Ray MacTurlough,713-365-4061,rmacturloughp1@people.com.cn
903,Georgianna Pickthall,986-206-9016,gpickthallp2@free.fr
904,Renado Bedow,268-363-4905,rbedowp3@toplist.cz
905,Thornie Firk,519-962-1255,tfirkp4@google.ca
906,Lilyan Spencelayh,138-835-0233,lspencelayhp5@wikispaces.com
907,Vidovik Worsom,111-157-9439,vworsomp6@google.com
908,Silas Arndell,795-800-9091,sarndellp7@dell.com
909,Kaitlin Bahde,768-568-3459,kbahdep8@yolasite.com
910,Ainslee Kidby,975-594-1100,akidbyp9@opensource.org
911,Chelsae Balden,125-137-0377,cbaldenpa@imdb.com
912,Dionysus Melmoth,282-595-8220,dmelmothpb@dailymotion.com
913,Stephine Chetham,114-169-1780,schethampc@businesswire.com
914,Roma Micklem,155-763-5716,rmicklempd@pen.io
915,Brandy Rocco,423-149-5155,broccope@msn.com
916,Javier Lockart,734-941-4031,jlockartpf@cdc.gov
917,Kirbee Kullmann,462-514-9933,kkullmannpg@washington.edu
918,Marj Whitta,909-218-2588,mwhittaph@etsy.com
919,Dre Flohard,696-686-0504,dflohardpi@liveinternet.ru
920,Adriaens Myrie,664-818-5437,amyriepj@ustream.tv
921,Lance Abba,231-524-5616,labbapk@shop-pro.jp
922,Morty Summerill,383-709-3534,msummerillpl@cloudflare.com
923,Judon Attwool,865-823-1614,jattwoolpm@shinystat.com
924,Sal Antyshev,357-174-6658,santyshevpn@themeforest.net
925,Bren Eskriett,414-513-2523,beskriettpo@va.gov
926,Dev St Clair,688-125-9143,dstpp@dmoz.org
927,Farly Grogan,439-838-1683,fgroganpq@amazon.co.uk
928,Gage Spooner,210-802-0427,gspoonerpr@si.edu
929,Berte Klees,551-940-4981,bkleesps@gmpg.org
930,Lorne Cavozzi,713-175-5016,lcavozzipt@unesco.org
931,Bryanty Mundow,358-284-4592,bmundowpu@geocities.jp
932,Christopher Dilawey,615-356-9383,cdilaweypv@usa.gov
933,Reeba Halwood,973-188-1676,rhalwoodpw@hp.com
934,Nikolia Stroban,604-874-4324,nstrobanpx@deviantart.com
935,Callean Thorowgood,314-711-0207,cthorowgoodpy@uiuc.edu
936,Lilia Westerman,932-753-5916,lwestermanpz@google.co.uk
937,Estel Jasper,743-299-9695,ejasperq0@histats.com
938,Fremont Lidyard,105-449-4426,flidyardq1@about.com
939,Deerdre Fursse,677-653-9290,dfursseq2@hostgator.com
940,Libby Fishburn,709-570-5231,lfishburnq3@sitemeter.com
941,Mendie Championnet,837-426-2020,mchampionnetq4@upenn.edu
942,Teddy Ledgard,222-681-2959,tledgardq5@domainmarket.com
943,Caterina Faunt,655-714-5499,cfauntq6@meetup.com
944,Elton Sloam,487-451-8181,esloamq7@umich.edu
945,Carma Bunney,367-685-6144,cbunneyq8@wikia.com
946,Filmer Klasing,237-459-1550,fklasingq9@fema.gov
947,Josi Schult,756-982-9513,jschultqa@businesswire.com
948,Grove Menear,549-687-2047,gmenearqb@usnews.com
949,Blake Peploe,236-296-9174,bpeploeqc@gnu.org
950,Merle Seal,792-961-0500,msealqd@cnn.com
951,Timmi Bilsford,755-990-4803,tbilsfordqe@europa.eu
952,Leela Darracott,910-938-1524,ldarracottqf@java.com
953,Paolo Tebbutt,440-842-9235,ptebbuttqg@phpbb.com
954,Catherine Gammet,833-343-8462,cgammetqh@loc.gov
955,Vita Fawltey,293-451-8119,vfawlteyqi@bloglovin.com
956,Mallory Murdy,610-688-3346,mmurdyqj@ted.com
957,Ermanno Spowart,566-140-8955,espowartqk@de.vu
958,Kleon Postin,272-239-5464,kpostinql@mashable.com
959,Bink Rushbury,703-148-5060,brushburyqm@diigo.com
960,Shepperd O'Corrigane,952-259-1623,socorriganeqn@shutterfly.com
961,Mahmud Gainsburgh,822-236-0543,mgainsburghqo@comcast.net
962,Daven Tremmil,937-549-5773,dtremmilqp@tamu.edu
963,Rooney Seabridge,286-841-5204,rseabridgeqq@yolasite.com
964,Peyton Foresight,633-778-6179,pforesightqr@ed.gov
965,Suki Silman,789-403-7020,ssilmanqs@slate.com
966,Kandy Coote,574-829-7214,kcooteqt@yale.edu
967,Russ Knaggs,474-231-8326,rknaggsqu@posterous.com
968,My Sherville,230-185-6327,mshervilleqv@digg.com
969,Jacky Yurikov,339-889-4615,jyurikovqw@dagondesign.com
970,Merrel Stennings,861-768-6922,mstenningsqx@phoca.cz
971,Chucho Stockin,936-250-9452,cstockinqy@weibo.com
972,Miof mela Endon,723-355-2010,mmelaqz@usgs.gov
973,Orelee Aucutt,554-168-3177,oaucuttr0@huffingtonpost.com
974,Haily Antushev,982-782-5555,hantushevr1@diigo.com
975,Shir Graves,199-370-2050,sgravesr2@usa.gov
976,Ross Prestney,669-743-7794,rprestneyr3@vk.com
977,Liz Shalliker,911-703-4594,lshallikerr4@w3.org
978,Jerrome Daen,463-611-6890,jdaenr5@alexa.com
979,Claudia Ephson,607-659-1165,cephsonr6@domainmarket.com
980,Mandel Cradick,430-911-1908,mcradickr7@sitemeter.com
981,Timi Bresson,788-201-8917,tbressonr8@newsvine.com
982,Hewe Wipfler,750-381-2123,hwipflerr9@slate.com
983,Josephina Huerta,679-260-3547,jhuertara@parallels.com
984,Otto Boog,279-724-2523,oboogrb@weebly.com
985,Shelley Giraldon,738-423-8768,sgiraldonrc@imdb.com
986,Doralin Heitz,790-472-7870,dheitzrd@answers.com
987,Patience Anstie,519-415-4037,panstiere@vimeo.com
988,Bondie Rattenberie,816-142-1234,brattenberierf@washington.edu
989,Hermann McIlwain,933-406-1278,hmcilwainrg@g.co
990,Amble Toft,648-445-1278,atoftrh@simplemachines.org
991,Jillane Edmondson,911-285-7070,jedmondsonri@issuu.com
992,Sallyanne Holehouse,707-297-9635,sholehouserj@about.me
993,Ernie Bohman,387-832-0569,ebohmanrk@disqus.com
994,Jefferey Manston,986-280-4733,jmanstonrl@guardian.co.uk
995,Verene Sabben,443-612-6494,vsabbenrm@mayoclinic.com
996,Garner Halm,326-395-9776,ghalmrn@imageshack.us
997,Roy Woolfoot,564-402-3623,rwoolfootro@com.com
998,Boothe Barreau,983-240-6437,bbarreaurp@bandcamp.com
999,Ignatius Thompson,783-970-3714,ithompsonrq@deviantart.com
1000,Delmer Fuente,701-253-4144,dfuenterr@bloomberg.com
